"share_minutes_cluster_0","share_minutes_cluster_1","share_minutes_cluster_2","share_minutes_cluster_3","share_minutes_cluster_4","share_minutes_cluster_5","share_minutes_cluster_6","share_minutes_cluster_7","share_minutes_cluster_8","share_minutes_cluster_9","share_minutes_cluster_10","share_minutes_cluster_11","share_minutes_cluster_12","share_minutes_cluster_13","share_minutes_cluster_14","share_minutes_cluster_15","share_minutes_cluster_16","share_minutes_cluster_17","share_minutes_cluster_18","share_minutes_cluster_19","share_minutes_cluster_20","share_minutes_cluster_21","share_minutes_cluster_22","share_minutes_cluster_23","share_minutes_cluster_24","share_minutes_cluster_25","winrate_season_selected_team","winrate_season_opposing_team","game_id","DATE","home_team_name","road_team_name","selected_team","opposing_team","roster","performance"
0.0433343766056246,0.0192020874327371,0,-0.00961659968603717,0,-0.00173380780517103,0,0.150135694898186,-0.265253900321996,0,0,0,0,0.0205544130921132,0,0,0,-0.00363981893875426,-0.0449236395519926,0,0,-0.0791219114009925,-0.0185896069590707,0.293431561237488,0,-0.0509236406421764,0.785787647403376,-0.602998761155578,"2020-07-30  aAACeeiklLLLpprrss",2020-07-30,"LA Lakers","LA Clippers","LA Lakers","LA Clippers",0.052855207959958,0.182788886247798
-0.0516609310972075,-0.00651792225691254,0,0.027804738302637,0.00132896817557188,-0.00668874616883604,-0.11831628840393,0,0.0153589561913048,0,-6.27861944545581e-05,0.0378344148058901,0,-0.014182403457943,0,-0.00466828594307981,0,0.0176680435023055,0,0,0.108965818429036,0.00642194506003999,0.0086330174190716,0,0,-0.0675602050437196,0.58014422280216,-0.57128195544834,"2020-07-30 aaeehlnNOrstUw",2020-07-30,"New Orleans","Utah","Utah","New Orleans",-0.0456416666802256,0.00886226735381968
0,-0.0439881526332524,0.0757653422377063,0.0157398840317635,0,-0.015886460771842,-0.0945871934234767,0,-0.0752635020443785,-0.00446722667997862,0.00148756398638159,0,0,0.0114426425493365,0,-0.00189633437723687,0,0.0103640125491406,0.0433293446683891,0,0,0.0717397768782789,0.0415731444546522,0,0.0389967066679915,-0.034122020213493,0.349682050203158,-0.542249748427063,"2020-07-31 aaaAceimnnnnooorSStt",2020-07-31,"San Antonio","Sacramento","San Antonio","Sacramento",0.0402275278799821,-0.192567698223905
-0.0395272240605228,-0.00702571710426392,0.0571812940424156,0.0376346691091008,0,0.0142463274735874,0,0,0.0134603127735675,0,0,0,-0.301959342588244,-0.00617229159255388,0,-0.00106658878011284,0.010112428302823,0.0357283758033494,-0.113427800574304,0,0,0.0709637396025977,-0.0113197367089437,-0.252812813164872,0,0,0.511634659260478,-0.504470870402639,"2020-07-31aaDHllnoosstu",2020-07-31,"Dallas","Houston","Dallas","Houston",-0.493984367466376,0.00716378885783897
-0.015798323539008,0,0,-0.0175061503405484,0.0111169602432227,-0.0593385481796839,0,0,0.0671231084039793,0.00213663924751869,0,-0.0327356153837306,0,-0.000412192165168177,0,-0.00355468415059801,0,0,0.0877289491491539,0.0128936873396966,0,0.0716796386646095,0.0140704805874723,0,-0.0241417144604072,0.0482592322099923,0.458301112584274,-0.48975472279566,"2020-07-31aBdkllnnoooOrry",2020-07-31,"Brooklyn","Orlando","Brooklyn","Orlando",0.161521467626501,-0.031453610211386
0.0798327540971371,0.0164934124703993,-0.0590973994391835,-0.0342858733544853,-0.0017208386769176,0,0,-0.115120999155098,0.158816428223521,-0.000189416199954312,0.000785194329951917,-0.0386774807811261,0,-0.00533561342834192,0,-0.0017945495287867,0.0152145975987446,0.0146987513989453,0.0027339686239743,-0.00604857325797064,0,0.0762470745925794,-0.0143367370138883,0,0.0739258673120713,0,0.505839027988906,-0.569565386324657,"2020-07-31aBeeiklMnoostuw",2020-07-31,"Milwaukee","Boston","Boston","Milwaukee",0.162140567811573,-0.0637263583357506
-0.0138090008333483,-0.05724589201529,0.0600799419769017,-0.00146567870740028,-0.0112490439094387,0.0314286262468719,0,0,0.068947793400659,0.00732119238802676,0,0,0,0.00166733747298648,0,0,-0.00111449933421197,0.00665893066827864,-0.0402421769429365,0.00585775960141353,-0.0887035329458739,-0.079734005961151,-0.0234333440065046,0,0,0.0508368787293227,0.375164745473495,-0.340233183771643,"2020-07-31adehilmMnopPrst",2020-07-31,"Portland","Memphis","Memphis","Portland",-0.0841987141716944,0.0349315617018518
0,-0.0366334074771646,0,-0.0346846746440501,-0.00131294021143871,0.0320112935451516,0,0,0.00216196980542272,0.00664226718878584,0,0.0280168456133373,0,0,0,-0.000890509412565666,0,0.00908157333108987,0,-0.000313029072565865,0,-0.00749099823602402,0.029903481003669,0,-0.0495410926387471,0.057387717301429,0.388688786213293,-0.396444514739155,"2020-07-31aeghhiinnnooPstWx",2020-07-31,"Washington","Phoenix","Phoenix","Washington",0.0343384960963292,-0.00775572852586143
0.0400251702703149,-0.00223108048507079,0,-0.00839690277858121,-0.0139641244773963,0.00364176599910566,0.109713187588138,0,-0.0579522396904487,0,0.00120039783176862,-0.0384777228496254,0,0.0232569276954359,0,0.00136611484839442,0,-0.00135028392218151,0,0,0,0.00462727009201865,0.0137889121119806,0,0,0.0103384494539519,0.47902061430346,-0.486323329826947,"2020-08-01  aACeeeillLnNOpprrssw",2020-08-01,"LA Clippers","New Orleans","New Orleans","LA Clippers",0.0855858416878042,-0.00730271552348699
-0.0460155574268681,-0.0185708862629962,0,0.0376850709361976,-0.0126951862465714,-0.0305847076894925,-0.103304618777734,0,0.049627117433348,0,-0.00055338563008897,0.0442146821724704,0,-0.00879989039779189,0,0.00217910039659963,0,0,0,0.00580156096787884,0.0985521270152541,0,0,0,0.0877440990499164,0,0.594800062321255,-0.581495990162115,"2020-08-01 aaaChhiklmoOttUy",2020-08-01,"Oklahoma City","Utah","Utah","Oklahoma City",0.105279525540122,0.0133040721591403
0.0172286000537557,-0.00661112306858643,0,-0.0130636274839669,0,-0.0275883333495735,-0.196030677140502,0.127410134112684,-0.0734285294586306,0.00303923171097398,0,0,0,0.00645623383846333,-0.089661584121815,0.00131879662186484,0,0.0123251118832669,-0.040431725398252,0.00561752629629916,0,0,-0.0387079126761792,0.254010027765586,0,-0.0537722294699335,0.791147072649366,-0.602170261506475,"2020-08-01 aAekLLnooorrstT",2020-08-01,"Toronto","LA Lakers","LA Lakers","Toronto",-0.111890079884545,0.188976811142892
0.0939205144695433,-0.0139870202895655,-0.0681053111565708,0.0223822486117355,0,-0.0717584090003005,0,0.0954518758136996,0,0.00270230388318703,0,0,0,0.00234146365733765,0,-0.0055350943383855,-0.00889946362329501,-0.00593983377346236,0.139226286205395,-0.000132478744402574,0,0,0,0.205389299828851,0,-0.063177294110364,0.54351457876802,-0.471127153222059,"2020-08-01aaaaddehhiiiIllnnpP",2020-08-01,"Indiana","Philadelphia","Philadelphia","Indiana",0.323879087433403,0.0723874255459614
-0.140589085240774,0.00499316974995232,0,0.0112331872726889,0,-0.0731644133088127,0,0,-0.0556210728312493,0.00100195702092284,0,0.0361638514082051,0,0.00925345169908731,0,0,-0.0175876440330552,0.0201425864867255,0.0527578836387443,0,0,0.0708726466632904,0.0183623420757698,-0.24420408968654,0,0.0581657088357749,0.435189773648357,-0.457356416921939,"2020-08-01aDeeiimMnrv",2020-08-01,"Denver","Miami","Miami","Denver",-0.24821952024927,-0.0221666432735819
0,-0.00683491905344237,0.00763404530486657,0.0284895183058443,0.0124489910795594,-0.0459381923917663,0,0,-0.0791053530559651,-0.00398559286647875,0.00182075936237282,0,0,0.00531464586990966,0,0.000753560022222797,0.0138645690547384,-0.00581020229138226,0.0376015762323945,0,0,0.071859824584904,0.0252673679819214,0,0,-0.0461182795089116,0.41749278799163,-0.361745414949499,"2020-08-02 aAehiimMnnnoopsSt",2020-08-02,"Memphis","San Antonio","San Antonio","Memphis",0.0172623186307876,0.055747373042131
-0.0159976974641674,0,-0.0370304159044853,-0.0272095880517445,0.0118722816796349,0.00138297480119477,0.0946472381195326,0,0.149561361857942,-0.00286905872685477,0,0,0,-0.00549074200945971,0,0.00177253684942629,0,-0.0243782917489322,0.0402549674794407,0.00581374665639261,0,0,-0.00549405667139473,0,0,0.0364013066912266,0.502724093640338,-0.549927413447731,"2020-08-02aaacdelmnnooOrrSt",2020-08-02,"Orlando","Sacramento","Sacramento","Orlando",0.223236563557752,-0.0472033198073926
0,0.0137841016645188,0.127886103702563,-0.00461485516555883,0.0121785774021082,-0.0290172550815583,0,0,0.0776708025469665,0.000900044396909531,0,0,0,-0.00601546144922669,0,-0.00214894989592285,0,0.00722985307981001,-0.0387967241460942,0.00460297638798407,0,-0.00591094665979855,0,0,0,-0.0590431858590007,0.502565464950528,-0.36482874163146,"2020-08-02aaDehillnoPsx",2020-08-02,"Phoenix","Dallas","Dallas","Phoenix",0.0987050809236999,0.137736723319068
0.0483034456282766,0,0,-0.0105638978633256,0.0136067627841985,-0.0308746784511901,-0.104948811361859,0,-0.0736309208603289,-0.00270719753187182,-0.00093934176068982,0.0401262352973392,0,0.00426823984758974,0,0.00200086860818567,-0.0113050616258677,-0.0222038518312053,0.041821030896866,-7.65176442739981e-06,0.0849409379883996,0.0811409106104496,0.0137985261716707,0,0,0,0.381490362093828,-0.422983177066651,"2020-08-02aBdlnnoooPrstt",2020-08-02,"Boston","Portland","Portland","Boston",0.0728255447822101,-0.041492814972823
0,0,0,0.0629063404335256,-0.0110935377277647,0.0533248310145766,0,0,0.0700479671422569,-0.00835031506249361,0,0.00192439561542461,0,0.00615579398885821,0,0.00239292523339278,-0.00663694824418465,-0.0298861750095469,0,-0.0045108616541781,0,0.0172468717675381,-0.0240709104642982,0,0,-0.0443773392695883,0.348859604398601,-0.409285642461548,"2020-08-02aBghiklnnnooorstWy",2020-08-02,"Brooklyn","Washington","Washington","Brooklyn",0.0850730377635184,-0.0604260380629468
-0.0531597066862233,0.000827965884664504,-0.0177336131071286,0.032484571445245,-0.0113557181530588,0.0462753270961745,0,0.11174540701214,-0.139416197691946,-0.0034443058703539,0,0,-0.31420110072919,0,0,0,0.00917732034491005,0.0227567786439868,-0.0445938710516197,-0.00447521865646292,0,0,0,-0.254355932720076,-0.0744718834574471,0,0.595914252527604,-0.545474192594622,"2020-08-02aeeHiklMnoostuuw",2020-08-02,"Houston","Milwaukee","Milwaukee","Houston",-0.693940177696385,0.0504400599329821
0,-0.0303729771497952,0.0682801629129073,0,0,0.0244317015152831,0,-0.0988001866653049,-0.0778384388912502,0,0.0035221566358027,0,0,0.00363349130533335,0,0.00261908351087699,-0.00883562607694506,-0.014077317040408,0,0.00922841575853604,0,0.070555756184633,0,-0.205698054113443,0,0,0.484785202123643,-0.455701360104743,"2020-08-03 aaaAdehhiiillnnnoopPSt",2020-08-03,"Philadelphia","San Antonio","San Antonio","Philadelphia",-0.253351832113774,0.0290838420189
0.0276315188858549,0,0,0,0.0123435700051355,-0.0253758221691725,0,0.122593868419161,-0.16933118675151,0,-0.00167101632660009,0,0,0.0208223881153188,-0.096598788432561,0.00174505741550127,0,0.00333197430724051,-0.0391216150466984,0,-0.093083919831606,0,-0.0398879462258955,0.249969242107176,0,0,0.723061941008656,-0.514611470817404,"2020-08-03 aaAehkLLrstU",2020-08-03,"Utah","LA Lakers","LA Lakers","Utah",-0.0266326755286558,0.208450470191252
0,-0.01398474318419,0,0.0366774343420425,0,0,-0.101965690740524,0,0.159791435795253,-0.00117556053733861,-0.00219565821234659,0.00629530385400605,0,-0.00146477379338958,0,0.000917969150083071,0,-0.0357497847755709,-0.0516690395911924,0.00522472895689997,0,0,-0.0192702576048802,0.239252782823222,0,0,0.405936697461373,-0.589671639263066,"2020-08-03 aaCDeehiklmnoOrtvy",2020-08-03,"Oklahoma City","Denver","Denver","Oklahoma City",0.220684146482074,-0.183734941801692
0,-0.0152432513671281,0.0639436606311866,0.00588440682245695,0.00163951872494916,0.0223744075318599,-0.108302801117644,0,0.0509649216876681,0,-0.00138448311400553,0.037828109789318,0,-0.00554764603228376,0.0552997808320981,-0.00281534413366987,-0.0132355522237595,0.00163723054816144,-0.0734576579090203,0,0,-0.0766791232628782,-0.0260623394885001,0,0,-0.00839829640941111,0.353075697443299,-0.388786228529424,"2020-08-03 aeeehilmMnNOprssw",2020-08-03,"New Orleans","Memphis","Memphis","New Orleans",-0.0915544584906024,-0.0357105310861258
-0.0654586312877994,0,0.0619015867672308,-0.0227283671915377,0.00970212013893554,0.00670262921724319,0,0,0.0815047841198798,0.00663458248546686,-0.00197839925566449,0.02769911763961,0,-0.0108085282828318,0,-0.00180041073016506,0.00722146446579178,0.0166804357648584,-0.0864216592917165,-0.000266243686545767,0,-0.0799028153425424,0.0251143832666264,0,0,0.0592949796722716,0.608452742295527,-0.314232243390265,"2020-08-03aaadghiiInnnnostW",2020-08-03,"Washington","Indiana","Indiana","Washington",0.0330910284691115,0.294220498905262
0.0534887572167415,0.00832747805768817,0,0,0,0.0818709908552123,0.202382165740788,0,-0.0887726507430422,0,0,0,0,-7.00238416712742e-05,0,-0.000792810348658059,0.0171747121913349,-0.0135657354868284,0,-0.00932234482312815,0,-0.0741483681563138,0,0,0,-0.0591561218638811,0.608176452293425,-0.479334263621875,"2020-08-03aiimMnooortT",2020-08-03,"Miami","Toronto","Toronto","Miami",0.117416048798242,0.12884218867155
0,-0.0171757624830123,0,-0.00748970946925359,-0.011376594666514,0.058541816355099,0,0,-0.149003549566095,-0.00398278214878827,0,0,0,0.0172726296309502,0,0.00140054967056033,0,-0.0300436053312491,0.0279197136917157,-0.00407716908769517,0,-0.00218931732318753,0.0249845992289321,0,0.0350937790304222,0.0043058606817978,0.448277916143182,-0.527443581403527,"2020-08-04 ACeehiilLnoppPrsx",2020-08-04,"LA Clippers","Phoenix","Phoenix","LA Clippers",-0.055819541786318,-0.0791656652603454
-0.00754887318180219,-0.0239685439851855,0.130598626205229,0.0273400948996368,0,-0.000314872929556307,-0.0959867771582233,0,-0.0727013984193007,0.00404572986667649,0,0,0,0.00520841871437732,0,-0.00484192748532612,0,0.00132028493029421,0.0344640598379417,0.00367625251411368,0,0.075690576800955,0.0199308625176722,0,0.0396243494492242,-0.0372550018234938,0.450183576797297,-0.42237015364057,"2020-08-04aaaacDellmnorsSt",2020-08-04,"Sacramento","Dallas","Dallas","Sacramento",0.0992818607532331,0.0278134231567271
-0.0652366106719034,0,0.0614206214979816,-0.0220123493439966,-0.000115538212654881,0.0318250374285215,0,0,0.142295080433951,-0.00048758001217236,0,0.0233736408259624,0,0.00103994790248691,0,-0.000613423258724077,0,-0.0251132501462801,-0.000832931249347667,0.00498641402138361,0,0,0.0137641875451865,0,0,0.0581292218363447,0.62977666754928,-0.616202059821791,"2020-08-04aaaddiIlnnnoOr",2020-08-04,"Indiana","Orlando","Indiana","Orlando",0.22242246859674,0.0135746077274896
0.0805791435797122,0.0165899228654952,-0.0563565297221955,-0.039608319868741,0.0107669540336338,-0.0869820737868198,0,-0.110678471690481,0.143713893131466,0.00459888104013492,0,-0.0333532564954689,0,-0.00701218881023865,0,-0.00699160609593028,0,0.0141330914374579,0.0444947230509305,0.00427723634678731,0,0.0675247872924043,0,0,0.0723278915316576,0.0431446032089363,0.487507403041809,-0.511092141207383,"2020-08-04aBeeikkllMnooruwy",2020-08-04,"Milwaukee","Brooklyn","Brooklyn","Milwaukee",0.16116868104874,-0.0235847381655735
0.00914425686138022,-0.0319932741485911,0,0.0198025862600935,0.0133518455849948,-0.0836804353972691,-0.107163094181485,0,-0.0510667784982435,0.00422620042927192,-3.42278186584382e-05,0.0394147341772067,0,0.0066682083568966,0,0.0016943777660723,-0.0187145947256009,-0.0172651872606818,0.0399938088796926,0.00441004631319988,0,0.0743177651595797,0.0145675739786055,0,0,0.05813700633316,0.496056765440666,-0.424089356465892,"2020-08-04aBiimMnoost",2020-08-04,"Miami","Boston","Miami","Boston",-0.0241891819303766,0.0719674089747734
0.0266098699869654,0.0172390522936386,-0.0739214505549316,0.0188353332119042,0,0.0190969764198084,0,0.102754155288292,0.0182735872764999,-0.00725641252506827,0,-0.0358378079680729,-0.3138723625547,-0.00704201701356616,0,0,-0.000834935912152829,0.0180443966785504,0,-0.00379007543328857,0.0677264370461779,0.0709589857127775,0,-0.258546483054814,0,0,0.311210783005905,-0.616711792307646,"2020-08-04adHlnnoooPrsttu",2020-08-04,"Portland","Houston","Portland","Houston",-0.34156275110198,-0.305501009301741
0.00922147399311476,-0.0227204740484982,0,-0.0552017478655838,0,0.0574599754391983,0.100917775112465,-0.130055886260778,0.148303990099851,0,-0.000167157277709681,-0.0420955654848644,0,-0.0143220019891845,0,-0.00109703493760974,0,0.0154334982709591,0.0378095255913092,-0.0040516017692542,0,0,0.0400476530917511,-0.257340587885431,0,0,0.635915784409723,-0.71354148059299,"2020-08-05  aaaACehikklLLmoOrsty",2020-08-05,"LA Lakers","Oklahoma City","Oklahoma City","LA Lakers",-0.117858165920264,-0.0776256961832674
0,-0.0145572459211485,0.0699240749569743,0.0287920073209738,0,-0.0453834313190307,0,0,-0.0781847303597325,0.00137824986109878,-0.000298320690698314,0.038634265319746,0,0.0167625812272103,0,-0.00235063917185642,-0.0170045396319569,0.00525627873954683,0.0541100915549916,0,0,0.0735761293042023,0.0200424521222485,-0.243192421679302,0,0,0.499129614007258,-0.401661698032502,"2020-08-05 aADeeinnnnoorStv",2020-08-05,"San Antonio","Denver","San Antonio","Denver",-0.0924951983667329,0.0974679159747558
0,0.0131982174291204,0,-0.0142009526058072,-0.010520840770151,0.0399069416085459,0,-0.105208686993375,-0.0904973272082534,-0.014332183578974,-0.000162835761816885,0,0,0.00424086900653454,0,0.00603895865651832,0.000843622342130491,-0.0121139427723132,0,0.00367170920005686,0,0.0870697421414725,-0.0276444159524973,-0.193735036324714,0,0,0.334964941661951,-0.466879476475054,"2020-08-05aaadeghhhiiillnnopPstW",2020-08-05,"Washington","Philadelphia","Washington","Philadelphia",-0.313446161583523,-0.131914534813103
0.0180656576167716,0.0238846785512411,0,0,-0.0113976428627113,-0.0110818682304902,-0.210714451020728,0,-0.00833910479070205,-0.0044379407785778,0,-0.0234641008248363,0,-0.000294452800024183,0,-0.000679776858076683,0,0.00799237567367265,-0.0442712560619702,-0.000823925257301458,0,0,-0.0138934013338587,0,0,0,0.595039707622166,-0.602540685913378,"2020-08-05adlnnooooOrrtT",2020-08-05,"Orlando","Toronto","Orlando","Toronto",-0.279455208977592,-0.00750097829121155
0.0646870831306871,-0.0368330379424036,0.0666135338506651,-0.0249474185161701,0.000820388722489829,0.030104517728803,0,0,0.0471362625498048,0,0.000143102888809414,0,0,0.0184421307933754,0,-0.00174983054260033,-0.0129105254766616,0.0064983198579493,-0.0749603726061226,0,-0.0956514776154064,0,-0.0272695694541167,0,0,0.0470831871296203,0.305961788632783,-0.427486009554633,"2020-08-05aehhimMpstU",2020-08-05,"Utah","Memphis","Memphis","Utah",0.00720629449872307,-0.12152422092185
0.00967626882401781,0,0,0.0166979585003187,0.0133182195915681,-0.0862628228152786,-0.109819590379895,0,-0.0807511478600316,0.00497944509725351,0,0.00750199275103978,0,0.00706301402287393,0,-0.000643701697518424,-0.0147890414421062,0,0.0418892713662841,0.00404949306382072,0,0.0675016745264083,0.0154448655417759,0,-0.113312953793916,0.0435214784910646,0.504619606496121,-0.405658126148924,"2020-08-05BBklnnoooorsty",2020-08-05,"Boston","Brooklyn","Brooklyn","Boston",-0.17393557621232,0.0989614803471967
0,-0.00437008749492063,0.122759583144457,-0.0178166693631409,0,0.0487357957150083,0,0,-0.0702874474470777,-0.00274669883309633,0,0,0,0.0102698870143584,0,-0.000255369878476054,0,-0.0130901576160502,-0.0261105874682074,0,0,-0.00177123321757728,0.0147556378431954,0,0.0345531066226028,-0.0464932493707133,0.492002269722382,-0.510803810955116,"2020-08-06 aaACDeilllLpprss",2020-08-06,"Dallas","LA Clippers","Dallas","LA Clippers",0.0481325096503617,-0.0188015412327341
0.0357261445404079,-0.018079166847038,0,-0.00300387304339935,-0.0140388248260398,0.0352062234501636,0.0128362572703251,0,-0.0486276305304123,0.00743259046146641,0.000592740939084961,-0.0375368559177137,0,0.012659109547355,-0.0540644753097951,0,0,0.000785030565522208,0.0631850127741858,0,0,0.0736326246993726,0.0189142809391274,0,0,0.0139971064512946,0.388424392682886,-0.406345343490355,"2020-08-06 aaaceeelmnnNoOrrsStw",2020-08-06,"Sacramento","New Orleans","New Orleans","Sacramento",0.0996162951639075,-0.0179209508074692
-0.024728411789021,-0.0161486289291368,0.07123825023886,-0.0332842113869647,0,0.00827657808263813,0,-0.118535240195994,0.219675240457045,0,0,0,0.297457082264094,0,0,0,-0.00824618428681288,-0.0211002183613799,0.0358036727729323,0,0,0,0.0402226603690488,0.00758345808657698,0.0515330183896289,0,0.550593479486961,-0.626424615483649,"2020-08-06 aAeHkLLnoorsstu",2020-08-06,"Houston","LA Lakers","Houston","LA Lakers",0.509747065711515,-0.075831135996688
-0.0614432512501616,0.0321103547184634,0.0619336695500832,-0.0022580363709639,-4.0281345196744e-05,0,0,0,0.147797692320179,-0.00108244614804111,0,0,0,-0.00563529550280173,0,-0.000322144171844898,0.0164688137247935,-0.00453627629774137,-0.0850074560764218,-0.000113636720805741,0,-0.0713265475113965,0,0,0,0.00481119681802159,0.674688573177118,-0.47912763621369,"2020-08-06aadehiiInnnoPx",2020-08-06,"Phoenix","Indiana","Indiana","Phoenix",0.0313563557361651,0.195560936963428
0.062912690975986,0.0147502048327115,0.0560488236809478,-0.0261510009094123,-0.0107292108060067,0.080341128639942,0,0.104183542424617,-0.168811511874627,0,0,0,0,0.00620889215598282,0,0,0.00312675544436127,0.00265324708221873,-0.043782004303064,0,0,-0.00512381479906169,0,0,-0.0682882190996747,-0.0557799369162251,0.45881691007038,-0.46116054137296,"2020-08-06aaeeiiiklmMMuw",2020-08-06,"Milwaukee","Miami","Milwaukee","Miami",-0.0484404134713047,-0.00234363130257997
0,-0.0285539017068033,0,-0.0184132801254334,0,0.0261191354357384,0,-0.0951015557887872,0.0604060747296131,0.00687895668210741,0,-0.00113146035617328,0,-0.00756972258440111,0,0,0.00810710018944907,-0.0161272469508436,-0.0517041515097783,0.00333959752164421,-0.0657590483480432,-0.0710457394494501,-0.019462916863351,0.223172740136878,0,0,0.428472799747464,-0.352449195830648,"2020-08-06adDeelnnoPrrtv",2020-08-06,"Denver","Portland","Denver","Portland",-0.0468454189876341,0.0760236039168162
-0.0263917638081819,0.0498272706657105,-0.0676574007362219,0,-0.0137898112330664,0.0162340588644941,0,0,0.0367934715211581,0.00998708481268377,0.00116924236189039,0,0,-0.0243056254325401,0,-0.00417551060762248,0,0.0139835950304245,0,0,0.100840289450365,-0.0786282584146932,0,0,0,0,0.456139279936623,-0.416088012265227,"2020-08-07 aaAhinnnooSttU",2020-08-07,"San Antonio","Utah","Utah","San Antonio",0.0138866424744008,0.0400512676713962
-0.0521445844967854,0.0161405161368371,-0.0665774337331807,-0.0144718296696278,0.0128928808246536,0,0.103960833646776,0,-0.170560991455752,0,-0.00111013754958919,-0.0413462445416927,0,-0.00702828879174511,0,0.00219656413508181,0.0133131535862489,0.0138196724884435,0.0768289732953214,-0.002050737813721,0,0,0.0290355144487016,0,0,-0.0496731528155826,0.727352748083438,-0.238629490173169,"2020-08-07 aaCehhiiklmmMoOpsty",2020-08-07,"Memphis","Oklahoma City","Oklahoma City","Memphis",-0.136775292305612,0.488723257910269
0,0.00318830822137226,0,0.033773026398873,0.00414202206924697,-0.00689407331817133,-0.118686898986047,0,-0.0395620331387163,-0.00798797022615591,-0.000320221297037869,0.039309283646172,0,0,0.0387933244885085,0,-0.0205112664825629,-0.015366377133798,0,-0.00192686457849744,0,0.00319518616348194,-0.0286297422117746,0,0,-0.0587053352406575,0.244866999046249,-0.377404483815284,"2020-08-07 aaeeghilnnnNoOrsstwW",2020-08-07,"New Orleans","Washington","Washington","New Orleans",-0.176189631625764,-0.132537484769035
0,-0.0141107603385273,0,0,0.0114301989950958,-0.0435928180982632,0,0.111904843875544,0.162228461263769,0.00607050942908388,0,0.0234195327316813,0,0.00280365381654559,0,-0.00705976019713371,-0.00897925311168805,-0.00570417016189254,0.0463663920034212,0.000329312188520585,0,0,0.0143985792645181,0.162148138486889,0,0,0.495204393736606,-0.516831064482646,"2020-08-07aaaddehhiilllnoOpPr",2020-08-07,"Philadelphia","Orlando","Philadelphia","Orlando",0.461652860147564,-0.0216266707460398
-0.0817250989300404,0,0,0,0,0.00837243093821285,0.108697997164953,0,0.162158963756322,-0.0101633355748543,0,0.0324615064875369,0,0.00158802890181293,0,0.00436620087272752,0.0157055713724237,-0.0174089048442871,-0.0708583700184671,-0.00172398429135262,0,-0.0693252554658106,-0.020377938301376,0,0.199232094285303,0.00272817280278475,0.539919393774742,-0.426382908399699,"2020-08-07aaBceklmnnooorrSty",2020-08-07,"Brooklyn","Sacramento","Sacramento","Brooklyn",0.263728079155888,0.113536485375043
-0.0653073657681127,0.0141695045327924,0,-0.0223356597187005,-0.0140890044172379,0.0237824012606714,-0.108990546600485,0,0.15583678601895,-0.000608225430108314,-0.000772056031924644,-0.0392617168464879,0,0.000549133649210654,0,-0.00199823376896392,0,0.0222518493842819,-0.0431031383653249,-0.000369697116174736,0,0,-0.0157852496975819,0,0,0,0.504214074114545,-0.695435230947952,"2020-08-07BnnooooorsttT",2020-08-07,"Toronto","Boston","Boston","Toronto",-0.0960312189151962,-0.191221156833407
0.0651444862446218,0,0.0695879267206189,-0.0223661738785409,-0.012061588748584,0.0576310379812125,0,-0.130759557074192,0.325753279773712,-0.00667955573756167,0,0,0,-0.00636170855536586,0,-0.00394784280398644,0,-0.00914390492517137,-0.0572367018754904,-0.00262856124851738,0,0,0.021024837137275,-0.253953351934175,0.0570525511024827,0.0681177997959106,0.666945923017822,-0.618732437728042,"2020-08-08 aaaAdeiIkLLnnrs",2020-08-08,"Indiana","LA Lakers","Indiana","LA Lakers",0.159172971974248,0.0482134852897795
0.0320215171799292,0.0209394076612134,0,0.000119386562621846,0,0.0814883012885841,0,0.113287455310648,-0.0629365409830099,-0.0123346341873674,0,-0.0347919803044855,0,0.00577837872286903,0,0.00288458128581352,-0.0091370686232295,-0.0205678661205585,0,-0.00223066640431119,0.0692922054826677,-0.00231808046363976,0.0293865952381765,0,0,-0.0517262267025307,0.474282370339491,-0.632829441831792,"2020-08-08 aACdeillLnoppPrrst",2020-08-08,"Portland","LA Clippers","Portland","LA Clippers",0.159154764943391,-0.1585470714923
0,-0.00949961371881541,-0.0707561479786552,-0.0308565390817612,-0.0107893280928906,0.0315294586148875,0,0.122011052342998,-0.0890520745650428,-0.00316987026473429,0,0,0,0.00772085643382884,0,0.00920211295180827,0,-0.0154950597283137,0.0243358478919361,-0.00247237043830267,0,0,0.0137720432716465,-0.249826822712339,-0.0672499303376324,0,0.567293709104978,-0.44977358208114,"2020-08-08aaaDeeiklllMsuw",2020-08-08,"Dallas","Milwaukee","Milwaukee","Dallas",-0.340596385411381,0.117520127023838
-0.0389662029015397,0.0336895534457407,0,0.0168587161852322,-0.0116863693236604,-0.0283075050495264,0,0,0,0,-0.000719445791784395,0.0345007569700088,0,-0.00763589945211835,0,-0.00704705043231994,0,0.0174392736694541,0.0543628291021913,0,0.0929175368046827,0,0.0206534520336333,-0.225933766146364,0,0,0.426945612108101,-0.447950839223812,"2020-08-08aDeehnrtUv",2020-08-08,"Denver","Utah","Utah","Denver",-0.0498741208863696,-0.0210052271157107
0.0730205669427189,-0.00199056555787527,0,-0.0310567213301672,-0.011714048512374,0.0919191015020605,0,0,-0.114563769834055,0,0,0,0,0.0065609995916732,0,-0.00239950194605678,0.000415370062780527,-0.00288567515424343,0,-0.00254829106617115,0,-0.000117928540425955,0,0,0,-0.00324523755552707,0.552276746858951,-0.501665107151552,"2020-08-08aehiiimMnoPx",2020-08-08,"Miami","Phoenix","Phoenix","Miami",0.00139429860233754,0.0506116397073986
0,-0.0245205044991982,0.0645311060823056,0.0336910589966328,0.0143569371615315,-0.0190498547736654,-0.114285183898448,0,-0.0272523731301298,-0.00977365558376819,-0.0010897485360966,0.0387976274631776,0,0,0.038343742670619,-0.00182661045203801,0,-0.0170049794299993,0,0,0,-0.0105354655050788,0,0,0,-0.0557748265504993,0.46342552488893,-0.425261562888969,"2020-08-09  aaAeeilnnnnNooOrsStw",2020-08-09,"New Orleans","San Antonio","San Antonio","New Orleans",-0.0913927299846555,0.0381639619999606
0.0415010490730315,0.00434467931049692,0,0.0289159307804732,-0.0102493004024312,-0.0312782050780019,-0.0981106691261185,0,0.0139201538450932,-0.00770558130295683,0.000232144104501624,0.0395305361647206,0,0.0122727832403234,0.0454181216471828,0.00224695486439355,-0.0192136816245012,-0.0310661240732441,0,0.000134458767337839,0,0.0872188894317637,-0.0296715670890699,0,0.070467169475198,0,0.222884476686435,-0.605595051716941,"2020-08-09 aaaCghhiiklmnnooOsttWy",2020-08-09,"Oklahoma City","Washington","Washington","Oklahoma City",0.118907742008193,-0.382710575030507
-0.0342321103419226,-0.0192339833513843,0,-0.0142950724114605,0,-0.026656062011271,0,0,0.214565989619801,0,0.000654673994505195,0.034083661397968,0,-0.00548122353645819,0,0.000686218512597422,0,0,0,0,0,0.013790371393787,-0.0288833464260567,0,0.109409413306088,0.00657492706000571,0.670071087055048,-0.474491504469895,"2020-08-09 ABCeikllLnoopprrsy",2020-08-09,"LA Clippers","Brooklyn","LA Clippers","Brooklyn",0.250983457206199,0.195579582585153
0,-0.0134112096510779,0,0.0124207888229171,0,-0.0658588354844704,0,-0.00167677922129916,-0.0153456757863205,0.0115457496233676,0,0.0337173026089359,-0.30358419181536,0.00721543422908894,0,-0.00190084536812316,1.59723279300301e-05,0.00136138485399522,0,-0.00328534092443999,-0.0662394302173728,0,0,0.158245547832281,0,0,0.481789100549184,-0.40476073759879,"2020-08-09aaaddehhiilllnopPPrt",2020-08-09,"Portland","Philadelphia","Philadelphia","Portland",-0.246780128169948,0.0770283629503935
-0.07493546574064,0.0177282269768349,-0.0743538105367412,0.0445095708283207,0,0.0412204563023855,0.106530212585923,0,0.0813820026186462,-0.00956464507935343,0,0,-0.305370786536991,-0.0127555944975668,0,0,0.00373979034557367,0.00320446258390561,-0.0482344139107448,-0.00268150699656293,0,0,-0.0208635330367344,-0.255505796213632,0,0.0427103711015341,0.460100257589442,-0.55900653445078,"2020-08-09aaceHmnnooorsSttu",2020-08-09,"Sacramento","Houston","Sacramento","Houston",-0.463240459205843,-0.0989062768613386
-0.0833860672463176,0,0,-0.0206990771129148,-0.00271463017705985,0.0315084282177063,0.106657828886832,0,0.158792661534503,0.00011224151997019,-0.000599931311626615,-0.0169268308268935,0,-0.00621472054064153,0,-0.000137320443796869,0,0.0129315389567324,0.00243520796729164,0.00320454002249535,0,0,-0.00145794670240096,0,0,0,0.488908436663855,-0.463460320831298,"2020-08-09aBdlnnoooOrst",2020-08-09,"Boston","Orlando","Boston","Orlando",0.183505922743879,0.0254481158325572
0.053339829914063,-0.0390300823051459,0.0647052768516342,-0.0266639747024257,-0.0125594729308895,0.0228086870272145,-0.210673199019623,0,0.153488184803943,0.0059534287522736,0,0,0,0.000147131957047707,0,-0.00328919153551893,-0.011811780837471,0.00733137166622792,-0.0382168497655137,0.00581033409341989,0,0,-0.028371257947381,0,0,0.0482130195202843,0.303586631817374,-0.615680098514778,"2020-08-09ehimMnoooprstT",2020-08-09,"Toronto","Memphis","Memphis","Toronto",-0.0088185444578609,-0.312093466697404
0,-0.0149604453045048,0,0.0138954781760899,-0.0127295951000028,-0.0291340973081494,-0.100807029945047,0,0.038816413947343,-0.00413167567475996,-0.000540501406997306,0.038400822264509,0,0.0117542861004199,0.0462516860103858,0.00320949065757222,-0.0193809504594471,-0.0215652337911875,0,-9.2358029786751e-05,0,0.0800258286931902,0,0,0.0711779481597574,0.057261053414734,0.625901118888024,-0.621860663523576,"2020-08-10 aaCehhiiklmnooOPtxy",2020-08-10,"Phoenix","Oklahoma City","Phoenix","Oklahoma City",0.157451120404119,0.00404045536444786
0.0752461285149941,0.0362209918411435,0,0.0203984995781013,0,-0.0582782458477843,0,0.128384158039805,-0.269218425772397,0,0,0.0325167918693861,0,0.0132396792826657,0,0,0,0.0092372903429165,0.0143804066563324,0,0,0,-0.0221143532610725,0.029527864259828,0,0,0.593333869352199,-0.516354186309087,"2020-08-10 aADeeekLLnrrsv",2020-08-10,"LA Lakers","Denver","LA Lakers","Denver",0.00954078550391886,0.0769796830431124
-0.00351205146773301,0,-0.137978714423805,-0.0370333540571498,-0.0132787904331827,0.00339489742967101,0,0,0.0767391986167712,0.00442228358790414,0.000412283350385418,0.0408301063267622,0,-0.0137703228892437,0,0.00169372553884946,0,-0.0194333579185169,0.0730642103903883,0,0.0916180437403621,0,0,-0.255066853747846,0,0,0.424614819492009,-0.453336137583766,"2020-08-10aaaDhllstU",2020-08-10,"Utah","Dallas","Utah","Dallas",-0.187898695956383,-0.0287213180917576
-0.0640331025376725,0.0380210165028083,0.069769938666507,-0.0225206272865188,0,0.094986900000425,0,0,0.0538713348546924,-0.00703047109033257,0,0,0,-0.00634502813434077,0,-0.00271657037724392,0,0.00353263900983394,-0.0566173994013815,-0.00225041318546143,0,-0.080550333428387,0,0,0,0.00588509408433331,0.674560773691156,-0.50085132575118,"2020-08-10aaadiiiImMnn",2020-08-10,"Miami","Indiana","Indiana","Miami",0.0240029776772614,0.173709447939976
0.0223150962150926,-0.0243244657233026,0.065213401760375,-0.0311118040721519,-0.0119039644330144,0.0243097835363233,-0.220438883782821,0.118276125384912,-0.00306806637022179,-0.000720869460833237,0,0,0,0.00608113495364843,0,0.00134767237365708,0,0.00540176794340644,-0.0495313596839536,0.00404538288778689,0,0.0780933988204392,0,0,-0.0710852122537876,0,0.507367549341065,-0.633806243947935,"2020-08-10aeeiklMnooortTuw",2020-08-10,"Milwaukee","Toronto","Milwaukee","Toronto",-0.0871008619044458,-0.126438694606871
-0.109543103983697,0.0161292171697905,0,0.0333162483698093,0.0154861998437604,-0.0074711728619571,-0.00815340792673142,0,0.0435433364456052,-0.00673751581842993,-0.00104447079864136,0.0366831493332119,0,-0.0108272173362893,0.0357475729258968,0,0,-0.00131668559371624,-0.0470209857332048,-0.00287895489803127,0,-0.0738348161474899,-0.020129715226289,0,-0.0335301185706099,-0.0114404568031271,0.348555587390791,-0.330127334689068,"2020-08-11 aaaceeelmnnNoOrrsStw",2020-08-11,"Sacramento","New Orleans","Sacramento","New Orleans",-0.153022897610141,0.0184282527017232
-0.0228469510618069,0.0515256188146938,0.0124025924512683,-0.047657867272032,0,-0.0496970334273234,0,0,-0.0025525951679573,0,-0.0031875259921892,0,0.280760384454322,0,0,-0.00095624268454835,0,0.0104431265361345,0,0,0,-0.0628514080073669,0,0.230149019861539,0,0,0.533708144652558,-0.399159231507599,"2020-08-11 aAHinnnnoooosSttu",2020-08-11,"San Antonio","Houston","Houston","San Antonio",0.395531118504734,0.134548913144958
-0.0607299927863962,0,0.115396420801453,0.0103660937798564,0,0.00112704991027775,0,-0.095372323919217,-0.0170185866542021,0.00563008457576465,0,-0.00696184600028154,-0.285490332791981,0.000317793121847915,0,0.0030873646267612,0.00766114158214171,0.0173193326869317,-0.0663169670389211,0.00326666663292146,-0.0590567345351814,0,0,0.220836864293064,0,0,0.472612206120829,-0.425061855219933,"2020-08-11aaadDlllnoPrst",2020-08-11,"Dallas","Portland","Dallas","Portland",-0.205937971715161,0.0475503509008966
0,0.0192842012086714,0,0.0276306755693939,0.0123849291981431,-0.0544487496091585,0,0.0834771357580884,-0.000804756515467204,0,0,0,0,0,0,0.000735911354047561,0.0107928245119459,0.00161836157653268,0,-0.00311761767158032,0,-0.0652916332743508,0,0.177544841556202,0,-0.0452802916220591,0.439497742469518,-0.524926218320341,"2020-08-11aadeehhhiiillnopPPx",2020-08-11,"Philadelphia","Phoenix","Philadelphia","Phoenix",0.164525832040409,-0.0854284758508226
0.0551218042110318,-0.0139374981140963,0.055214471116656,-0.0119132240684631,-0.000851132244734386,0.0263679311973522,0,0.10061281734982,-0.0490624597809705,0.00586754889149617,0,0,0,0,0,-0.00137122774928347,-0.0139168387325075,0.0131050399454957,-0.0449019488794614,0.00341594578884708,0,-0.0109235198509012,0.0290239125827607,0,-0.0617733904720967,0,0.386827055141926,-0.190680992122021,"2020-08-11aaeeghiiklMnnostuwW",2020-08-11,"Washington","Milwaukee","Milwaukee","Washington",0.0800782311909454,0.196146063019905
0.0396032474356944,0.0184792117777026,0,-0.0159840068199721,0.0119223056881957,-0.0434336743913535,0,0,-0.154895872402015,0.00497432181043246,0.00125092831539337,-0.012932587631168,0,-0.000326179461214722,0,0.000305055000577933,0,0.0109147528701032,0.044786025662263,0.00733627526033737,0,0.0595987103510496,0,0,0,0.0371558917899586,0.462099631877311,-0.419693797901308,"2020-08-11aBdkllnnoooOrry",2020-08-11,"Orlando","Brooklyn","Brooklyn","Orlando",0.00875440525598539,0.0424058339760033
-0.076804316370435,0.0414051888558271,-0.0654186724491816,0.00765953633209106,-0.000816365002740615,0,0.0973838293165614,0,0,-0.00485101997095765,0.00115509947428809,-0.0372186792675076,0,-0.00586520767477768,0,-0.000985263342290429,0.0102725136536588,0.0110506596571416,-0.00414374849722768,-0.00370491205536787,0,0,0.0111034747365068,0,0,-0.0412824761092106,0.445406030919555,-0.262103824962531,"2020-08-11BehimMnoopsst",2020-08-11,"Memphis","Boston","Boston","Memphis",-0.0610603587136217,0.183302205957024
-0.0200491709213562,-0.0353916188082289,0,0.0728529797516111,0,-0.102121361140104,-0.102989099003318,0,0.0508889801324511,0,-0.00170594041193777,0.0377536933584765,0,0.00538134910494865,0.0224618917355461,0.00322862350403445,0,-0.0195832727426904,0,0.000557226300814183,0,0.0878214182932617,0,0,0.073911615995916,0.065599368910687,0.560070723925592,-0.585042378538659,"2020-08-12 aaaChiiiklmmMoOty",2020-08-12,"Oklahoma City","Miami","Miami","Oklahoma City",0.138616684060111,-0.0249716546130667
-0.076533230972448,0.0190465469827312,0,0.0330089980214498,0,-0.117407004356539,0,0,0,0.0106660863925846,0,0.031548693583867,0,0.00134894246368198,0,-0.00377774306913439,0,0.0373885530875369,0.0527365245272787,0,0,0.0900306689625115,-0.00911235093005097,-0.223627779000501,0,0.0518047017287052,0.723556985323614,-0.475361996852152,"2020-08-12 ACDeeeilLnpprrsv",2020-08-12,"Denver","LA Clippers","LA Clippers","Denver",-0.102878392578326,0.248194988471461
0.0556803244328679,-0.00336271383209483,0,0,0,-0.0785320937413234,-0.231904867167413,0.102990417017897,0.0748134925172673,0.00816450872164193,0,0,0,0.00558738822461116,0,-0.00215352759860064,-0.0144379666026064,0.00129179258303949,0,-1.76807052665187e-05,0,0,0,0.205092845154997,0,0,0.48623926062336,-0.67311666663817,"2020-08-12aadehhiillnooopPrtT",2020-08-12,"Philadelphia","Toronto","Philadelphia","Toronto",0.123211919005017,-0.18687740601481
-0.0522207068733281,0,-0.00520558302382786,0.00496686619117621,0,0.139570904466413,0,0,0,0.0024165903942264,0,0,-0.322228500354969,-0.011551798832734,0,-0.00437632136205982,0,0.0056233500887462,-0.100137120260878,-0.000582010670655075,0,0,0,-0.259731463576154,0,0.0732707606397476,0.711462215667648,-0.567905539458445,"2020-08-12aadHiInnnoostu",2020-08-12,"Houston","Indiana","Indiana","Houston",-0.530185033174297,0.143556676209203
0.034497789134449,0,0,0,0,-0.0569242565566158,-0.105844741216126,0.124767054580438,-0.314233060669626,0.00944445060597596,0,0,0,0.0148264008849475,0,0.00058428197102764,0,0.00845565742900726,0.0133214314858771,0,0,0,-0.0221503050892892,0.242882542846227,0.043204975612218,-0.04091452662789,0.575325292244852,-0.403431232117802,"2020-08-13 aaaAceekLLmnorrsSt",2020-08-13,"LA Lakers","Sacramento","LA Lakers","Sacramento",-0.0480823056093789,0.17189406012705
-0.148036142777797,0.0446194603214258,-0.0704494115205698,-0.0241142388201638,-0.0130145307522833,0.0424963231719025,0,0,0.0260165398343822,0,-0.00403002779366728,0,0,-0.0155194956963401,0,-1.79996458621891e-05,0,0.0127492460656981,0,0,0.0810658276962617,-0.0704956454080047,0,0,0,0,0.44464042137319,-0.509749689490115,"2020-08-13 aaAhinnnooSttU",2020-08-13,"Utah","San Antonio","Utah","San Antonio",-0.138730095325018,-0.065109268116925
-0.167578208001726,-0.00293220458603887,0,0.0242514437508899,0.00368080472721957,-0.00614810367313049,-0.10942145881073,0,-0.0134994337387217,-0.00745599740922649,-0.00264159285325433,0.0359534496132784,0,-0.00473465843353005,0.0549090405910308,-0.000535631994665731,0.0178915949357445,0.00178282921226563,-0.0463415782805917,-0.00402957477265368,0,-0.0812611900838144,0,0,0,-0.0507519418006721,0.424469208883238,-0.303194890838911,"2020-08-13 aadeellnnNoOOrrsw",2020-08-13,"Orlando","New Orleans","Orlando","New Orleans",-0.358862411608327,0.121274318044327
0,-0.0448114658155576,-0.127858063279755,-0.0359292694880995,-0.0138465279417632,-0.0033703527838479,0,0,-0.00711729195158629,0.000667165043730192,0,0.0404399497952549,0,0.00550992273804802,0,0.00130182075217564,0,-0.0353919157629854,0.0685843507199523,0,0,0.083302668265346,0,-0.246024616215176,-0.00441802813303449,0.0573612097538272,0.611618604436876,-0.443436708129183,"2020-08-13aaDehillnoPsx",2020-08-13,"Phoenix","Dallas","Phoenix","Dallas",-0.261600444303471,0.168181896307692
0,0,0,-0.0119403312250104,0,0.0533799602431203,0,0.107984161861417,0.185225265921483,-0.0129852596562387,-0.00344226499972274,0.00350057892411602,0.314779280992614,-0.000480583578768153,0,0.0012193623998902,-0.0106318391562721,-0.0198309349543415,0,-0.00191181406658465,0.0630710092072596,-0.0682931837034085,0,0,0.067637424206765,0,0.499154840423759,-0.546868452947375,"2020-08-13aBdkllnnoooPrrty",2020-08-13,"Brooklyn","Portland","Portland","Brooklyn",0.667280832416319,-0.0477136125236162
-0.0875730420448041,0.0199097036967023,0,-0.000851299260009003,-0.00340773564233641,0.0308504886135436,0.108133557803831,0,0.0985601669050243,0.000966701961615282,0.00262619650958642,-0.037626469871676,0,-0.00428943961071316,0,-0.000490678540035304,0.0258433495526347,0.0304937958046447,-0.042529879236349,-0.00237457092391817,0,-0.0873815313738288,0.014737414974829,0,0,0,0.554603676283228,-0.224511556064256,"2020-08-13aBghinnnooossttW",2020-08-13,"Boston","Washington","Boston","Washington",0.065596729318741,0.330092120218972
0,0.0135820308719155,-0.0120229563015696,0.0293044115527566,0.0025084891011658,0,0,0.109649081771512,-0.149347307839981,0,0,0,0,0.00472625610296937,0,0.00089460844146518,-0.00559278830474734,-0.00230148476784315,-0.0468309256310494,0,0,0.0724021741863998,0.0325947376159092,0,-0.0745825197086837,-0.0466970412035281,0.426922850368148,-0.290710433813579,"2020-08-13aeeehiiklmMMpsuw",2020-08-13,"Memphis","Milwaukee","Milwaukee","Memphis",-0.0717132341133093,0.136212416554569
-0.0575950748284527,0.00544722179209563,0,0.0465938709080251,0,-0.110562553265719,-0.0975488299284476,0,0.10135000675486,0,0.00139581198019028,0.0371022465359108,0,-5.25283666304478e-05,0.0543889693332628,0.00115885603311703,0,0,0,0.0010672694509392,0,0.08474652636771,-0.030025140746898,0,0,0.0482597748833112,0.68977474717382,-0.556920871239505,"2020-08-14  aaACCehiikllLmoOpprsty",2020-08-14,"LA Clippers","Oklahoma City","LA Clippers","Oklahoma City",0.0857264269032743,0.132853875934316
0.0833513617079655,-0.0711478953965621,-0.066187162034235,0.0281069919176985,0,-0.092954985486689,0,0,-0.059267822505852,0.00758293617827252,0,0,0,0.00494639808722484,-0.0415760159588578,0.00133806068370792,0,-0.00170469764779659,0.0968760725921406,0.00115654032562904,0,0.0751435944819412,0,0,0,-0.014022395660737,0.527760775719454,-0.648879489153044,"2020-08-14aaadiiiImMnn",2020-08-14,"Indiana","Miami","Miami","Indiana",-0.0483590187161493,-0.121118713433591
0.0502727157781469,0.017800114989407,0.0710407704504743,-0.0288680484277331,0,-0.061832629940232,0,-0.087475683636199,0.0768905543528648,-0.00955695126472894,0,0,0.306531892849563,0,0,0.000933006051512039,-0.0102641518189279,-0.00161914601991678,0.0554551236642923,0.00198622292466981,0,0,0,0.0470618112525659,0,0,0.49920502735705,-0.372627653950386,"2020-08-14aadehhHiillnoopPstu",2020-08-14,"Houston","Philadelphia","Houston","Philadelphia",0.428355601205758,0.126577373406664
-0.0454369125618029,0.0373566180243802,0,0.0252043332047851,0,0,0.215438285329477,0,-0.147365600162433,0.0010204729426652,0,0.0321721063813203,0,0.00491307399445302,0,-0.000805598716768907,0,0.00191052615000213,0.0504886479399072,-0.00196671750383205,0,0,0.0217667287535059,-0.212572590889785,0,0,0.74795686102399,-0.384945442203542,"2020-08-14DeennooorrtTv",2020-08-14,"Toronto","Denver","Toronto","Denver",-0.0178766271141264,0.363011418820448
0,-0.033259677509417,0.0664415427132164,-0.019559694149033,-0.0138537399764807,0.0305896986156655,0,-0.107086657083849,-0.0472737519290128,0.00405147114631143,0,0.0304276859881242,-0.313172639152294,0.000880102364120084,0,0,-0.000296955506667752,0.00704560979296551,-0.0372140278508551,0.00159932223310361,-0.0583013721117079,0,-0.0321286171638195,0,0,0.0462334180303335,0.360954593707369,-0.520936920148224,"2020-08-15adehilmMnopPrst",2020-08-15,"Portland","Memphis","Memphis","Portland",-0.474878281549296,-0.159982326440855
-0.0582664723936835,-0.0179032551780114,-0.113957090803649,-0.0259233372363799,0,-0.0516441003498059,0,0,0.149493017574262,0.004547796998072,0,0.0368727992863573,0,-0.00320577982138402,0,0.00012637137638204,0,0,0.0672752207443431,0,0,0.0742283292436177,-0.0275396596637474,-0.216432704419788,0,0.0421683265241692,0.629667568676685,-0.364057964041438,"2020-08-17 aaACDeilllLpprss",2020-08-17,"LA Clippers","Dallas","LA Clippers","Dallas",-0.140160538119246,0.265609604635246
-0.145953589260024,0.0154700491804627,0,-0.0223000321575118,-0.0134577619140972,0.0876341344982207,0.0945788548700157,-0.0840674237821993,0.0746248783304768,-0.000157290978539817,0,-0.0354144548479745,0,-0.00329428838044362,0,-0.000277460396785366,0,0.0144222519346757,-0.0372767361719394,-0.000366836713683204,0,0,0,-0.177276790314815,-0.0999743724580368,0,0.434097864005628,-0.37321545599951,"2020-08-17aaBdehhiillnoopPst",2020-08-17,"Boston","Philadelphia","Boston","Philadelphia",-0.333086868562199,0.0608824080061183
0.0979151582116021,-0.0328931590951764,0.051074172524914,0.0233199682179951,0.0116216690705688,0.0222411571538292,0,0,0,-0.0126558543760481,0.000159947762972462,-0.0305799087203321,0,-0.000144959871540626,0,-0.00367088650474898,0,-0.000993829205580065,-0.048020683528461,0,-0.0741017895380628,-0.0682806726015199,-0.0208552386321809,0.185374400306927,0,0,0.343343134583659,-0.46010324889994,"2020-08-17aDeehnrtUv",2020-08-17,"Denver","Utah","Denver","Utah",0.0995094911751574,-0.11676011431628
0.107947515149291,0.0119176013093399,0,0,0,-0.0764140216688565,-0.191154437087132,0,-0.0856030816490476,0,-0.000179410971885446,0,0,-0.000483015905306221,0,0.00362751036311255,0,0.0272300047526314,0,0.00343377689349011,0,0.0602493432135106,0.0162839703497314,0,0,0.0807594125004862,0.534861552032652,-0.663453743616989,"2020-08-17BklnnooooorrtTy",2020-08-17,"Toronto","Brooklyn","Brooklyn","Toronto",-0.0423848327506344,-0.128592191584337
0,0.0144355098520985,0,0.010628286961069,0,-0.0267240609120505,0,0.126329967625202,-0.278850331309647,0.00482306927076357,0,0,-0.332029489905019,0.00457560331376422,0,0,0.0130511925228133,0.005200872171834,0,0.000517260277779926,-0.0569032827745245,0,-0.0406205871656144,0.230082000266574,-0.0681933267250565,-0.0556184127878835,0.487747967557676,-0.59587004576894,"2020-08-18 aaAdeklLLnoPrrst",2020-08-18,"LA Lakers","Portland","LA Lakers","Portland",-0.449295729317896,-0.108122078211264
0.0108241446505869,0.0252987889902923,0.0646473029005364,0.0137158161620194,0,-0.127337310170901,-0.0964487256352678,0,0.099215878054987,0,0.00146318270477554,0.0346250819318143,0.293879521165184,0.00663999896428562,0.0703356175635463,-8.57833538332584e-05,0,-0.0179509212240587,0,0.000506985959566135,0,0,0,0.234777351999275,0.0766362587542893,0,0.418143321623548,-0.511101256580673,"2020-08-18 aaChHiklmnoooOsttuy",2020-08-18,"Houston","Oklahoma City","Houston","Oklahoma City",0.690743189417098,-0.0929579349571251
0.0509221396904692,-0.0536769039415186,-0.0589518431854514,0.0298348029838659,0,-0.0876405687715219,0,0,-0.0647866226788097,0.00761595631906231,0,0,0,0.00397818110037917,-0.116051693766545,0.000164965602190124,0,-0.00109818078102215,0.0912474601993224,0.000559733735036106,0,0.0681514382895971,0,0,0,-0.0160926368053955,0.479169850162787,-0.632169926993509,"2020-08-18aaadiiiImMnn",2020-08-18,"Indiana","Miami","Miami","Indiana",-0.145823772010342,-0.153000076830723
0.162803569947567,-0.0146699238861524,0.055949498593032,0,-0.000547680032517903,0.0321140345237452,0,0.107226235695189,-0.0839135169680276,0.0078269609327845,0,0,0,0.00355489283991837,0,5.3766015720688e-06,-0.0197865195395947,-0.00204292288003325,-0.0407305672950507,0.00100779582347778,0,0.0711338985268163,0,0,0,0,0.326072147797614,-0.375326483764261,"2020-08-18aadeeikllMnoOruw",2020-08-18,"Milwaukee","Orlando","Milwaukee","Orlando",0.279931132882725,-0.0492543359666471
0,-0.00707302786875444,0.125783878243254,0.0593690481455109,0,0.0556672215551623,0,0,-0.175381152612714,-0.00730586703421169,0,0,0,0.00307292732641324,0,0.000147822364999771,0,0,-0.03127680549099,0,0,-0.0879143603640093,0.0280988634213953,0.246859852436449,-0.0454851150343368,-0.0463328276732674,0.429758133963831,-0.674193490835338,"2020-08-19 aaACDeilllLpprss",2020-08-19,"LA Clippers","Dallas","Dallas","LA Clippers",0.118230457414901,-0.244435356871507
-0.176979643024051,0.040090014500597,0,0,-0.0134924995790984,0.101400110390793,0.11021138683345,-0.100746834838558,0,5.0481265473901e-05,-0.00210324263416618,-0.0364147370271319,0,-0.00343171045191738,0,0.00219760789841177,0,0.0172164940366647,-0.0410988263610043,0.00013239255686716,0,0,-0.016036155607006,-0.198012509775178,-0.117694784768388,0,0.56871120235222,-0.387252915545675,"2020-08-19aaBdehhiillnoopPst",2020-08-19,"Boston","Philadelphia","Boston","Philadelphia",-0.434712456584243,0.181458286806544
0.188109853998854,-0.0188903004846743,0,0,0.011954473098294,0.0269370236501357,0,0,-0.00776826218400129,-0.0181394625222293,0.00255626206783959,-0.0315921093973119,0,0.00389783684985724,0,0.00389317249765572,0,-0.0179439069741149,-0.0514292636276141,0.000420038247879154,-0.0842982741593087,0,-0.0209685727680747,0.209478156500397,0,0,0.457370083953421,-0.450323219388788,"2020-08-19aDeehnrtUv",2020-08-19,"Denver","Utah","Denver","Utah",0.196216664793584,0.00704686456463283
0.0657916361385498,0.0140872786947997,0,0,0,-0.0877432910993279,-0.121225708853848,0,-0.166440145748381,0,-0.00256804464898899,0,0,0.00345564598521739,0,0.0013639813418307,0,0.0317884013132554,-0.0376526306577341,-0.00108813430014613,0,0.0670027841326092,0.0160822412248629,0,0,0.0971610785756549,0.640798699378978,-0.805400127948162,"2020-08-19BklnnooooorrtTy",2020-08-19,"Toronto","Brooklyn","Brooklyn","Toronto",-0.119984907901646,-0.164601428569184
0,-0.00233402519329258,0,-0.00978620387605805,0,0.0274558695383525,0,-0.0130393379557553,0.169335809647445,-0.00552114045592102,0,0,0.364626091533215,-0.00510893615623867,0,0,-0.0152381554461287,-0.00577557743163166,0.0799108491049465,0.000818350602085132,0.062763426411399,0,0.0395955220495884,-0.248204152420644,0,0,0.7443766840378,-0.464763081419436,"2020-08-20 aaAdeklLLnoPrrst",2020-08-20,"LA Lakers","Portland","Portland","LA Lakers",0.439498389951361,0.279613602618364
0.0537453148129988,-0.0530097764557175,-0.0716125179967109,-0.0263561423969034,0,0.146484675939843,0.10768455688001,0,-0.0476296868458519,0,-0.0034582795622862,-0.0361265777947311,-0.318616446121733,-0.00757710691873087,0,-0.00325364643888355,0,0.0201625548930623,0,0.000814455354149154,0,0,0,-0.251625445477736,-0.0161411794695233,0,0.533421678580419,-0.425110411026431,"2020-08-20 aaChHiklmnoooOsttuy",2020-08-20,"Houston","Oklahoma City","Oklahoma City","Houston",-0.506515247598745,0.108311267553988
0.122801692437707,-0.0828132456806506,-0.064578384852955,0.0352496630238963,0,-0.0939612651905832,0,0,-0.0701863505498021,0.00952270953800682,0,0,0,0.00420290730339507,-0.120881762893602,0.00294490598772784,0,-2.03290527320107e-05,0.0960708226022571,-0.000874473279414792,0,0.0750901476502117,0,0,0,-0.0174650269966559,0.519917975159573,-0.618453919864118,"2020-08-20aaadiiiImMnn",2020-08-20,"Indiana","Miami","Miami","Indiana",-0.104897989953194,-0.0985359447045449
-0.181440673845334,0.0176699290480429,-0.0641395649772483,0,0.00098706441811247,-0.0349733854010004,0,-0.119434682551085,0.0963230688339982,-0.00909490791117415,0,0,0,-0.00400910826360451,0,-0.0002270862655085,0.0215515512501338,0.0016396562932945,0.0377704013572309,0.00155877756483839,0,-0.0822765553966112,0,0,0,0,0.500115610613856,-0.275670104022951,"2020-08-20aadeeikllMnoOruw",2020-08-20,"Milwaukee","Orlando","Orlando","Milwaukee",-0.318095515845915,0.224445506590904
0,-0.0181080425039825,-0.119175178883486,-0.0293803331769827,0,-0.0277472717936963,0,0,0.158270033187469,0.00604371329443723,0,0.0380884391861976,0,-0.00364596609472196,0,4.07911693534978e-05,0,0,-0.0159999066897696,0,0,0.0809321178257182,-0.026377630751026,-0.223799351907378,0,0.039202345696612,0.582139959784181,-0.401835078059568,"2020-08-21 aaACDeilllLpprss",2020-08-21,"Dallas","LA Clippers","LA Clippers","Dallas",-0.141656241441254,0.180304881724613
0.1551125738814,-0.0332469681487643,0,0,0.0123412703554408,-0.0683184070530522,0,0.0932035468848178,0,0.00032827956466859,0,0.0337507031418701,0,0.00103718259381755,0,9.53447799202378e-05,0,-0.0160549846857701,0.0389242734680804,0.000430598879071385,0,-0.0764782148968925,0.0157010894402803,0.183392003147415,0.104218629598872,0,0.373232614467183,-0.52143227593185,"2020-08-21aaBdehhiillnoopPst",2020-08-21,"Philadelphia","Boston","Philadelphia","Boston",0.444436920951175,-0.148199661464667
0,0.0386279807107425,0,-0.0532274215790136,-0.0115376364800522,-0.0244463232961867,0,0,0.00794326070608813,0,0.000130250158360396,0.030320769923073,0,0.000331318484497273,0,0.00149833042621154,0,0.0150256062798467,0.048177045203321,0.00158093442373307,0.0786897786667483,0.0759240745836912,0,-0.192254532088625,0,0,0.440801877229462,-0.337111267755947,"2020-08-21aDeehnrtUv",2020-08-21,"Utah","Denver","Utah","Denver",0.0167834361224358,0.103690609473515
-0.0585539717402138,-0.0109390502955385,0,0,0,0.0776839007751803,0.113798776417195,0,0.146431575546891,0,0.00144161165599811,0,0,-0.00394602614660263,0,0.000538884425903038,0,-0.0275300365668838,0.0344422093693003,-0.0039088099211552,0,-0.0596387999741302,-0.0155064095570212,0,0,-0.0859580945639167,0.842585760539197,-0.517919684715152,"2020-08-21BklnnooooorrtTy",2020-08-21,"Brooklyn","Toronto","Toronto","Brooklyn",0.108355759425006,0.324666075824046
0,0,0,0,0,0.00213692185921838,0,0.0126132217188704,-0.177561021133275,0.0128778303314276,0,0,-0.337759469765408,0.00526444130577623,0,-0.000522114048831965,0.0116557155913941,0.00488082313995945,-0.0862918582424363,0.00146865916528722,-0.0570805169150034,0,-0.0192595580983921,0.232233667454871,-0.0753222786680422,0,0.460534055780073,-0.606247669586488,"2020-08-22 aaAdeklLLnoPrrst",2020-08-22,"Portland","LA Lakers","LA Lakers","Portland",-0.470665536304585,-0.145713613806414
-0.0492064709256865,0.046572094180031,0.063523263398643,0.0244885610073283,0,-0.137550108451481,-0.10343800815373,0,0.0451306737954721,0,0.00361860658469846,0.0361857057786348,0.297570728398655,0.00800127343063559,0,0.000662129357657388,0,-0.0178617217758784,0,0.00148646481084685,0,0,0,0.232914047206622,0.0146268515797617,0,0.487229518050616,-0.480656666883761,"2020-08-22 aaChHiklmnoooOsttuy",2020-08-22,"Oklahoma City","Houston","Houston","Oklahoma City",0.466724090222209,0.0065728511668548
0.0481309632442485,-0.075254866230231,-0.05955026433402,0.053459928685558,0,-0.0844340492182281,0,0,-0.073333649544595,0.00918423294275335,0,0,0,0.00457532177690516,-0.114515470235829,0.000587620431886288,0,0.00069438654150329,0.0916299841755419,0.00159003597244363,0,0.0716403017279725,0,0,0,-0.0188687470137292,0.491683406687597,-0.522210413881778,"2020-08-22aaadiiiImMnn",2020-08-22,"Miami","Indiana","Miami","Indiana",-0.144464271077819,-0.0305270071941803
0.179155783195768,-0.0173181798946899,0.0592239308169538,0,-0.00121091713077115,0.0315298692502586,0,0.111599480165399,-0.0230201565904067,0.00925895221903238,0,0,0,0.00418763248825325,0,-0.000566106698202399,-0.019162019204505,-0.000942610918292112,-0.0358318368131297,0.00277026594365524,0,0.0788121289418387,0,0,0,0,0.344040241593687,-0.448044434481262,"2020-08-22aadeeikllMnoOruw",2020-08-22,"Orlando","Milwaukee","Milwaukee","Orlando",0.378486215771162,-0.104004192887575
0,0.00737691908878131,-0.111430113140115,-0.0462451689654403,0,-0.0312528149099265,0,0,0.00506737974049445,0,0,0,0,-0.00382805553472559,0,-0.000842464030992799,0,0,0.066858532039696,0,0,0.0863503782664586,-0.0131708210949166,-0.218134573714373,0,0.039202202360679,0.58562274212587,-0.34246064394504,"2020-08-23 aaACDeilllLpprss",2020-08-23,"Dallas","LA Clippers","LA Clippers","Dallas",-0.22004859989438,0.24316209818083
0.0800494775853811,-0.0303897564818706,0,0.0231409294602344,0.0114901784039394,-0.0905254236873184,0,0.0968089433924685,0,-0.00074883489279291,0,0.0334949612934208,0,0.00379880426569624,0,0.000196694578005633,0,-0.016230671782828,0.0361051392350982,0.00066237274534678,0,-0.0760065538384406,0.0146257362980426,0.18416538167372,0.133097708077461,0,0.373491066806038,-0.564323365032604,"2020-08-23aaBdehhiillnoopPst",2020-08-23,"Philadelphia","Boston","Philadelphia","Boston",0.403735086325564,-0.190832298226566
0,-0.0280513587130245,0.0494671344994163,0.0290869563406782,0.0105464410847938,0.0256684008726907,0,0,0.0426758752298284,0.00163109166012839,-0.000135662268013835,-0.0290407327988711,0,-0.000430431508111992,0,-0.000880079730927475,0,-0.000626640553485086,-0.0486691562899175,-0.00223938348131749,-0.078173760074486,-0.0766984749287203,0,0.192266197808648,0,0,0.354790770005533,-0.426155826316491,"2020-08-23aDeehnrtUv",2020-08-23,"Utah","Denver","Denver","Utah",0.0863964171493083,-0.0713650563109585
-0.0594421837052447,-0.0114261131905594,0,0.023990826991155,0,0.110055295770781,0.116115544694714,0,-0.00954481676707982,0,0.00101452181387844,0,0,-0.0036185545860069,0,0.001129450272079,0,-0.0165746407366565,-0.00631425376575455,-0.00548896439786095,0,-0.0665245059481559,0,0,0,-0.0880676037453595,0.844959127200936,-0.48513479572726,"2020-08-23BklnnooooorrtTy",2020-08-23,"Brooklyn","Toronto","Toronto","Brooklyn",-0.0146959973000706,0.359824331473676
0,-0.0155236511971516,0,0,0,0.00252928199504715,0,0.142453265427655,-0.1953740579864,0.0152841588542483,0,0,-0.35311274034615,0.00582638346765297,0,-0.00254846030008762,0.0111445946867704,0.00473978731661404,-0.0546282844590035,0.00168131317223521,-0.0594612163680169,0,-0.0380857171129477,0.24893528047152,0,-0.0613901349182609,0.523459181965056,-0.574354045539561,"2020-08-24 aaAdeklLLnoPrrst",2020-08-24,"Portland","LA Lakers","LA Lakers","Portland",-0.347530197296276,-0.0508948635745042
0.0516925382679573,-0.0494730749382557,-0.0635512661214058,-0.0265762821146262,0,0.158711252802707,0.110100648746904,0,-0.051626238489516,0,-0.00375535168433524,-0.0357829344637147,-0.303962487766097,-0.00884964830705939,0,-0.00323330991837357,0,0.018792593801167,0,-0.00171018921354083,0,0,0,-0.245553068169489,-0.0133158642773937,0,0.544427175164927,-0.491960442808864,"2020-08-24 aaChHiklmnoooOsttuy",2020-08-24,"Oklahoma City","Houston","Oklahoma City","Houston",-0.468092681845072,0.0524667323560633
0.05185785091265,-0.0820210491547303,-0.0618194749228316,0.0621651321115782,0,-0.0952271371928869,0,0,-0.0781524793877299,0.0102580788425975,0,0,0,0.00530552793656306,-0.12015336873373,0.00274738064353138,0,0.00114980122685824,0.0885024133307751,0.00177805155355974,0,0.0795066751938931,0,0,0,-0.0195303031964597,0.519267785847711,-0.55096891284503,"2020-08-24aaadiiiImMnn",2020-08-24,"Miami","Indiana","Miami","Indiana",-0.153632900836361,-0.031701126997319
0.00619244442783703,0.018002137866147,-0.061771921957673,0,0.000829512295040719,-0.0351389997594208,0,-0.119744118815521,0.0200132616456415,-0.0112953985133202,0,0,0,-0.00464606520687861,0,0.00227452068071583,0,-4.04043510120429e-05,0.0378918946793876,-0.0031052417346215,0,-0.0858425519212598,0,0,-0.0660230931907746,0,0.498079443574438,-0.343251210899468,"2020-08-24aadeeikllMnoOruw",2020-08-24,"Orlando","Milwaukee","Orlando","Milwaukee",-0.302404023855712,0.15482823267497
-0.0430930817936538,0.00884353135315336,-0.110278417835252,-0.0294302895125473,0,-0.0547072121937451,0,0,0.0861553197269463,0.00662408578166993,0,0,0,-0.00393617385431641,0,0.000296265913036509,0,0,0.0673357340303676,0,0,0.0861225221130866,-0.024809120885354,-0.225610382855256,0.0444021817030361,0.0351663921186455,0.518791256819561,-0.348791913227746,"2020-08-25 aaACDeilllLpprss",2020-08-25,"LA Clippers","Dallas","LA Clippers","Dallas",-0.156918646190183,0.169999343591815
0,-0.0465087386125715,0.0491156610960516,0.0374506888296875,0.00961249757874855,0.0265778553856209,0,0,0.0420061427595259,0,-4.29448085007794e-05,0,0,-0.000537266889088859,0,-0.000898098633745558,0,0.000180363296469177,-0.0497042297507663,-0.0027542997887285,-0.0799319137036952,-0.0782970491623322,0,0.196852150070408,0,0,0.300992547334688,-0.423016219244926,"2020-08-25aDeehnrtUv",2020-08-25,"Denver","Utah","Denver","Utah",0.103120817667083,-0.122023671910238
0,0.0139032137200432,0,0,0,0.0266475882637797,0,-0.129527409649538,0.095139793253959,-0.0136516456345321,0,0,0.326485699805809,-0.00561008016514883,-0.0451138264427612,0,-0.00224814519091515,-0.00614380424031684,0.0821413253524849,-0.0027396057468796,0.0482162695491242,0,0.0190165986532979,-0.229940370809612,0.0706021381692463,0.0559158162206887,0.609882137451949,-0.466773754509446,"2020-08-29 aaAdeklLLnoPrrst",2020-08-29,"LA Lakers","Portland","Portland","LA Lakers",0.30309355510873,0.143108382942502
0.0480819140278931,-0.0412214945957284,-0.0585690069035822,-0.0538000768825814,0,0.149066409881233,0.105633024205276,0,-0.0536305710254574,0,-0.00147705958933213,-0.0352735213035599,-0.285036840406088,-0.00856165320005363,0,-0.00160657449948844,0,0.0179009366327347,0,-0.00292104609678274,0,0,0,-0.234498518653009,0.0615387481541521,0,0.526667323598639,-0.461894233954991,"2020-08-29 aaChHiklmnoooOsttuy",2020-08-29,"Houston","Oklahoma City","Oklahoma City","Houston",-0.394375330254374,0.0647730896436483
0.00655512880055073,0.0155511440159556,-0.0580406557576491,0,0.000718146157223984,-0.0326230602667705,0,-0.113047657486205,0.0866101705321909,-0.0108058374072953,0,0,0,-0.00458810032340511,0,-0.000353179441255877,0,-0.000531414879719942,0.0378050848513365,-0.00494679604665737,0,-0.0797287727711496,0,0,-0.0625604971307592,0,0.405983595927534,-0.391910313635328,"2020-08-29aadeeikllMnoOruw",2020-08-29,"Milwaukee","Orlando","Orlando","Milwaukee",-0.219986297153609,0.0140732822922063
0.0429618861569301,0.0160240180217002,0.113037244892454,0.0283747121174573,0,0.0571008403287357,0,0,-0.075170976071979,-0.00809546616621098,0,-0.0401401701607968,0,0.00414431141022381,0,-0.000129606788787949,0,0,-0.077071895331115,0,0,-0.0877845252900705,0.0264356003416518,0.229609974998679,-0.0453825545508355,-0.0315504758924125,0.342409146310776,-0.575181024431854,"2020-08-30 aaACDeilllLpprss",2020-08-30,"Dallas","LA Clippers","Dallas","LA Clippers",0.152362918015623,-0.232771878121078
0,-0.0460715625660238,0.0524221342340686,0.00996075293862144,0.0107404360324974,0.0279512960722366,0,0,0.0430381261401773,0.00796841761770519,-7.09471023702672e-05,0,0,-0.0051817156969377,0,-0.000682019188890736,0,0.00473051307780713,-0.0486546521019606,-0.00333291036653268,-0.0858195038282745,-0.0845637302755742,0,0.202063022682607,0,0,0.356272183962837,-0.365456057162272,"2020-08-30aDeehnrtUv",2020-08-30,"Utah","Denver","Denver","Utah",0.0844976576691564,-0.00918387319943476
0.0386973060464805,0.0114521621359139,0,-0.0201752554575151,-0.0109016488451943,0,-0.214818248727954,0,0.061394325451207,0.00699898162320582,-0.000541306514770487,-0.0329291859944902,0,-3.02795680810344e-05,0,1.39595238447848e-05,0,0.016816363586738,0.00806805939005423,-0.000831984004075157,0,0.0784916877183635,-0.0155645840240225,0,-0.131988925075518,0,0.726526498294672,-0.722856589737788,"2020-08-30BnnooooorsttT",2020-08-30,"Toronto","Boston","Boston","Toronto",-0.205848572735814,0.00366990855688387
